EMPID,EMPName,Department,City,Salary,Hire_date
102,"Priya sharma",Hr,Mumbai,62000,2019-09-25
106,"Divya nair",IT,Chennai,81000,2019-12-11
101,"rahul mehta",sales,delhi,55000,2020-04-12
107,"Raj kumar",HR,Delhi,60000,2020-05-28
103,"Aman singh",IT,Bangluru,72000,2021-03-10
108,"Simran kaur",Finance,Mumbai,58000,2021-08-03
104,"Neha Patel",Sales,Delhi,48000,2022-01-14
109,"Arjun Reddy",IT,Hyderabad,70000,2022-02-18
